[
    {
        "key": "dbln",
        "value": "%7B%22100095593505719%22%3A%22ZYsFN8g6%22%7D",
        "domain": "facebook.com",
        "path": "/login/device-based/",
        "hostOnly": false,
        "creation": "2023-09-06T07:50:50.021Z",
        "lastAccessed": "2023-09-06T07:50:50.023Z"
    },
    {
        "key": "datr",
        "value": "l2rwZB-n0R3XWOhN2aw-rlhu",
        "domain": "facebook.com",
        "path": "/",
        "hostOnly": false,
        "creation": "2023-09-06T07:50:50.023Z",
        "lastAccessed": "2023-09-06T07:50:50.023Z"
    },
    {
        "key": "sb",
        "value": "l2rwZNPbB0osn7CW3UrF5En0",
        "domain": "facebook.com",
        "path": "/",
        "hostOnly": false,
        "creation": "2023-09-06T07:50:50.023Z",
        "lastAccessed": "2023-09-06T07:50:50.023Z"
    },
    {
        "key": "c_user",
        "value": "100095593505719",
        "domain": "facebook.com",
        "path": "/",
        "hostOnly": false,
        "creation": "2023-09-06T07:50:50.023Z",
        "lastAccessed": "2023-09-06T07:50:50.023Z"
    },
    {
        "key": "xs",
        "value": "10%3AoJ3peMFO8TSERw%3A2%3A1693478065%3A-1%3A667",
        "domain": "facebook.com",
        "path": "/",
        "hostOnly": false,
        "creation": "2023-09-06T07:50:50.024Z",
        "lastAccessed": "2023-09-06T07:50:50.024Z"
    },
    {
        "key": "m_page_voice",
        "value": "100095593505719",
        "domain": "facebook.com",
        "path": "/",
        "hostOnly": false,
        "creation": "2023-09-06T07:50:50.024Z",
        "lastAccessed": "2023-09-06T07:50:50.024Z"
    },
    {
        "key": "locale",
        "value": "vi_VN",
        "domain": "facebook.com",
        "path": "/",
        "hostOnly": false,
        "creation": "2023-09-06T07:50:50.024Z",
        "lastAccessed": "2023-09-06T07:50:50.024Z"
    },
    {
        "key": "fbl_cs",
        "value": "AhDTsqH6oSnzEtHSP4uTraOaGENGVGYyVElvRWhpRGNnWTQ5bVpVY289PQ",
        "domain": "facebook.com",
        "path": "/",
        "hostOnly": false,
        "creation": "2023-09-06T07:50:50.024Z",
        "lastAccessed": "2023-09-06T07:50:50.024Z"
    },
    {
        "key": "fbl_ci",
        "value": "292019040098844",
        "domain": "facebook.com",
        "path": "/",
        "hostOnly": false,
        "creation": "2023-09-06T07:50:50.024Z",
        "lastAccessed": "2023-09-06T07:50:50.024Z"
    },
    {
        "key": "vpd",
        "value": "v1%3B668x360x2",
        "domain": "facebook.com",
        "path": "/",
        "hostOnly": false,
        "creation": "2023-09-06T07:50:50.024Z",
        "lastAccessed": "2023-09-06T07:50:50.024Z"
    },
    {
        "key": "fbl_st",
        "value": "101632285%3BT%3A28224636",
        "domain": "facebook.com",
        "path": "/",
        "hostOnly": false,
        "creation": "2023-09-06T07:50:50.024Z",
        "lastAccessed": "2023-09-06T07:50:50.024Z"
    },
    {
        "key": "wl_cbv",
        "value": "v2%3Bclient_version%3A2315%3Btimestamp%3A1693478206",
        "domain": "facebook.com",
        "path": "/",
        "hostOnly": false,
        "creation": "2023-09-06T07:50:50.024Z",
        "lastAccessed": "2023-09-06T07:50:50.024Z"
    },
    {
        "key": "dpr",
        "value": "2.1988937854766846",
        "domain": "facebook.com",
        "path": "/",
        "hostOnly": false,
        "creation": "2023-09-06T07:50:50.024Z",
        "lastAccessed": "2023-09-06T07:50:50.024Z"
    },
    {
        "key": "fr",
        "value": "0Qw6csJLGKpIXxNb2.AWWiCZtGYF-9zMPAzomOAep_GKM.Bk8GqX.kb.GTw.0.0.Bk8G-A.AWVErDlvjOk",
        "domain": "facebook.com",
        "path": "/",
        "hostOnly": false,
        "creation": "2023-09-06T07:50:50.024Z",
        "lastAccessed": "2023-09-06T07:50:50.024Z"
    },
    {
        "key": "m_pixel_ratio",
        "value": "2.1988937854766846",
        "domain": "facebook.com",
        "path": "/",
        "hostOnly": false,
        "creation": "2023-09-06T07:50:50.024Z",
        "lastAccessed": "2023-09-06T07:50:50.024Z"
    },
    {
        "key": "wd",
        "value": "891x1654",
        "domain": "facebook.com",
        "path": "/",
        "hostOnly": false,
        "creation": "2023-09-06T07:50:50.024Z",
        "lastAccessed": "2023-09-06T07:50:50.024Z"
    }
]
